{
    "intents": [
        {
            "group": "greetings",
            "patterns": ["Hi", "Hello", "Is anyone there", "Good day", "greetings", "."],
            "responses": ["Hello!", "Hi there, how can I help you?"],
            "context_set": ""
        },
        {
            "group": "hours",
            "patterns": ["When are guys open", "What are your hours", "hours of operation"],
            "responses": ["We are open Everyday"],
            "context_set": ""
        },
        {
            "group": "services",
            "patterns": ["What services do you offer", "Can you tell me more about the services your company provides","What kind of services can I expect from your company","Can you give me a list of your company's services","Can you give me a brief overview of your services","Can you walk me through the different services you offer"],
            "responses": ["Hello!", "Hi there, how can I help you?"],
            "context_set": ""
        },
        {
            "group": "name",
            "patterns": ["What's your full name","Can you give me your name","What do I address you as","Hi! What's your name","May I have your name please","Hi there, what should I call you","Could you please tell me your name","What is your name"],
            "responses": ["ChattaBot"],
            "context_set": ""
        },
        {
            "group": "management",
            "patterns": ["who is the founder","who is the CEO","who is the chief executive offices","who started the bussiness" ],
            "responses": ["Daniel Slinda","Mr Slinda is the founder and CEO"],
            "context_set": ""
        },
        {
            "group": "company",
            "patterns": ["what is the company mission"],
            "responses": ["mission"],
            "context_set": ""
        }

    ]
}